Moneda,Fecha,total_volumes
bitcoin,2018-08-22,6336.66
bitcoin,2018-08-23,6521.07
bitcoin,2018-08-24,6684.38
bitcoin,2018-08-25,6736.04
bitcoin,2018-08-26,6728.29
bitcoin,2018-08-27,6911.1
bitcoin,2018-08-28,7075.98
bitcoin,2018-08-29,7046.75
bitcoin,2018-08-30,7024.15
bitcoin,2018-08-31,7027.63
bitcoin,2018-09-01,7211.27
bitcoin,2018-09-02,7305.27
bitcoin,2018-09-03,7260.9
bitcoin,2018-09-04,7359.46
bitcoin,2018-09-05,6764.93
bitcoin,2018-09-06,6498.28
bitcoin,2018-09-07,6397.82
bitcoin,2018-09-08,6181.19
bitcoin,2018-09-09,6260.76
bitcoin,2018-09-10,6308.14
bitcoin,2018-09-11,6278.92
bitcoin,2018-09-12,6330.57
bitcoin,2018-09-13,6486.46
bitcoin,2018-09-14,6500.01
bitcoin,2018-09-15,6530.22
bitcoin,2018-09-16,6506.25
bitcoin,2018-09-17,6250.12
bitcoin,2018-09-18,6347.07
bitcoin,2018-09-19,6383.75
bitcoin,2018-09-20,6491.89
bitcoin,2018-09-21,6753.83
bitcoin,2018-09-22,6747.03
bitcoin,2018-09-23,6711.03
bitcoin,2018-09-24,6596.19
bitcoin,2018-09-25,6441.31
bitcoin,2018-09-26,6462.8
bitcoin,2018-09-27,6704.7
bitcoin,2018-09-28,6634.77
bitcoin,2018-09-29,6606.07
bitcoin,2018-09-30,6626.04
bitcoin,2018-10-01,6598.84
bitcoin,2018-10-02,6524.61
bitcoin,2018-10-03,6499.26
bitcoin,2018-10-04,6578.7
bitcoin,2018-10-05,6621.19
bitcoin,2018-10-06,6589.12
bitcoin,2018-10-07,6584.83
bitcoin,2018-10-08,6653.09
bitcoin,2018-10-09,6633.75
bitcoin,2018-10-10,6582.46
bitcoin,2018-10-11,6234.37
bitcoin,2018-10-12,6285.59
bitcoin,2018-10-13,6314.88
bitcoin,2018-10-14,6328.55
bitcoin,2018-10-15,6659.88
bitcoin,2018-10-16,6635.13
bitcoin,2018-10-17,6635.74
bitcoin,2018-10-18,6517.51
bitcoin,2018-10-19,6483.83
bitcoin,2018-10-20,6532.68
bitcoin,2018-10-21,6529.67
bitcoin,2018-10-22,6512.59
bitcoin,2018-10-23,6472.8
bitcoin,2018-10-24,6481.44
bitcoin,2018-10-25,6458.19
bitcoin,2018-10-26,6468.83
bitcoin,2018-10-27,6457.06
bitcoin,2018-10-28,6481.32
bitcoin,2018-10-29,6292.65
bitcoin,2018-10-30,6331.78
bitcoin,2018-10-31,6366.72
bitcoin,2018-11-01,6379.97
bitcoin,2018-11-02,6425.44
bitcoin,2018-11-03,6388.19
bitcoin,2018-11-04,6351.06
bitcoin,2018-11-05,6415.44
bitcoin,2018-11-06,6474.85
bitcoin,2018-11-07,6574.8
bitcoin,2018-11-08,6490.45
bitcoin,2018-11-09,6413.78
bitcoin,2018-11-10,6429.9
bitcoin,2018-11-11,6434.28
bitcoin,2018-11-12,6411.35
bitcoin,2018-11-13,6394.29
bitcoin,2018-11-14,5788.61
bitcoin,2018-11-15,5686.54
bitcoin,2018-11-16,5609.96
bitcoin,2018-11-17,5599.19
bitcoin,2018-11-18,5638.86
bitcoin,2018-11-19,4889.2
bitcoin,2018-11-20,4450.71
bitcoin,2018-11-21,4613.45
bitcoin,2018-11-22,4307.39
bitcoin,2018-11-23,4376.9
bitcoin,2018-11-24,3895.84
bitcoin,2018-11-25,4039.84
bitcoin,2018-11-26,3811.92
bitcoin,2018-11-27,3832.92
bitcoin,2018-11-28,4267.24
bitcoin,2018-11-29,4279.48
bitcoin,2018-11-30,4009.69
bitcoin,2018-12-01,4189.57
bitcoin,2018-12-02,4124.59
bitcoin,2018-12-03,3878.84
bitcoin,2018-12-04,3943.69
bitcoin,2018-12-05,3751.69
bitcoin,2018-12-06,3466.76
bitcoin,2018-12-07,3408.52
bitcoin,2018-12-08,3424.71
bitcoin,2018-12-09,3550.55
bitcoin,2018-12-10,3433.81
bitcoin,2018-12-11,3378.81
bitcoin,2018-12-12,3438.1
bitcoin,2018-12-13,3294.64
bitcoin,2018-12-14,3216.63
bitcoin,2018-12-15,3221.98
bitcoin,2018-12-16,3217.05
bitcoin,2018-12-17,3506.22
bitcoin,2018-12-18,3655.78
bitcoin,2018-12-19,3687.75
bitcoin,2018-12-20,4065.1
bitcoin,2018-12-21,3846.23
bitcoin,2018-12-22,3960.57
bitcoin,2018-12-23,3941.62
bitcoin,2018-12-24,4021.99
bitcoin,2018-12-25,3759.18
bitcoin,2018-12-26,3781.61
bitcoin,2018-12-27,3587.7
bitcoin,2018-12-28,3854.42
bitcoin,2018-12-29,3778.19
bitcoin,2018-12-30,3809.73
bitcoin,2018-12-31,3692.53
bitcoin,2019-01-01,3794.26
bitcoin,2019-01-02,3872.17
bitcoin,2019-01-03,3776.53
bitcoin,2019-01-04,3815.27
bitcoin,2019-01-05,3787.31
bitcoin,2019-01-06,4013.52
bitcoin,2019-01-07,3989.67
bitcoin,2019-01-08,3973.59
bitcoin,2019-01-09,3982.23
bitcoin,2019-01-10,3623.85
bitcoin,2019-01-11,3632.85
bitcoin,2019-01-12,3598.44
bitcoin,2019-01-13,3495.83
bitcoin,2019-01-14,3648.05
bitcoin,2019-01-15,3567.8
bitcoin,2019-01-16,3597.65
bitcoin,2019-01-17,3620.98
bitcoin,2019-01-18,3597.79
bitcoin,2019-01-19,3674.59
bitcoin,2019-01-20,3539.17
bitcoin,2019-01-21,3531.0
bitcoin,2019-01-22,3571.27
bitcoin,2019-01-23,3555.7
bitcoin,2019-01-24,3565.64
bitcoin,2019-01-25,3564.82
bitcoin,2019-01-26,3563.61
bitcoin,2019-01-27,3553.12
bitcoin,2019-01-28,3432.22
bitcoin,2019-01-29,3413.38
bitcoin,2019-01-30,3457.88
bitcoin,2019-01-31,3431.94
bitcoin,2019-02-01,3464.49
bitcoin,2019-02-02,3486.58
bitcoin,2019-02-03,3454.03
bitcoin,2019-02-04,3464.0
bitcoin,2019-02-05,3469.89
bitcoin,2019-02-06,3405.84
bitcoin,2019-02-07,3394.01
bitcoin,2019-02-08,3664.28
bitcoin,2019-02-09,3667.41
bitcoin,2019-02-10,3675.69
bitcoin,2019-02-11,3631.44
bitcoin,2019-02-12,3633.97
bitcoin,2019-02-13,3610.06
bitcoin,2019-02-14,3589.66
bitcoin,2019-02-15,3601.23
bitcoin,2019-02-16,3622.59
bitcoin,2019-02-17,3665.08
bitcoin,2019-02-18,3886.52
bitcoin,2019-02-19,3915.01
bitcoin,2019-02-20,3976.81
bitcoin,2019-02-21,3934.81
bitcoin,2019-02-22,3973.64
bitcoin,2019-02-23,4115.34
bitcoin,2019-02-24,3742.87
bitcoin,2019-02-25,3824.68
bitcoin,2019-02-26,3809.21
bitcoin,2019-02-27,3813.38
bitcoin,2019-02-28,3815.61
bitcoin,2019-03-01,3815.75
bitcoin,2019-03-02,3819.65
bitcoin,2019-03-03,3806.95
bitcoin,2019-03-04,3712.81
bitcoin,2019-03-05,3852.46
bitcoin,2019-03-06,3860.51
bitcoin,2019-03-07,3871.64
bitcoin,2019-03-08,3861.88
bitcoin,2019-03-09,3941.6
bitcoin,2019-03-10,3923.56
bitcoin,2019-03-11,3860.36
bitcoin,2019-03-12,3876.48
bitcoin,2019-03-13,3865.82
bitcoin,2019-03-14,3876.7
bitcoin,2019-03-15,3925.46
bitcoin,2019-03-16,4007.71
bitcoin,2019-03-17,3980.99
bitcoin,2019-03-18,3986.71
bitcoin,2019-03-19,4013.58
bitcoin,2019-03-20,4045.57
bitcoin,2019-03-21,3983.32
bitcoin,2019-03-22,3989.16
bitcoin,2019-03-23,4008.95
bitcoin,2019-03-24,3993.39
bitcoin,2019-03-25,3927.58
bitcoin,2019-03-26,3938.66
bitcoin,2019-03-27,4036.16
bitcoin,2019-03-28,4028.39
bitcoin,2019-03-29,4103.32
bitcoin,2019-03-30,4103.86
bitcoin,2019-03-31,4103.52
bitcoin,2019-04-01,4146.32
bitcoin,2019-04-02,4862.23
bitcoin,2019-04-03,4955.83
bitcoin,2019-04-04,4899.02
bitcoin,2019-04-05,5014.96
bitcoin,2019-04-06,5041.87
bitcoin,2019-04-07,5176.98
bitcoin,2019-04-08,5266.89
bitcoin,2019-04-09,5172.18
bitcoin,2019-04-10,5308.91
bitcoin,2019-04-11,5047.79
bitcoin,2019-04-12,5082.47
bitcoin,2019-04-13,5072.99
bitcoin,2019-04-14,5149.31
bitcoin,2019-04-15,5039.88
bitcoin,2019-04-16,5213.6
bitcoin,2019-04-17,5218.96
bitcoin,2019-04-18,5274.77
bitcoin,2019-04-19,5280.35
bitcoin,2019-04-20,5307.69
bitcoin,2019-04-21,5311.16
bitcoin,2019-04-22,5380.94
bitcoin,2019-04-23,5557.93
bitcoin,2019-04-24,5452.1
bitcoin,2019-04-25,5203.09
bitcoin,2019-04-26,5295.85
bitcoin,2019-04-27,5256.98
bitcoin,2019-04-28,5257.8
bitcoin,2019-04-29,5199.76
bitcoin,2019-04-30,5292.8
bitcoin,2019-05-01,5354.59
bitcoin,2019-05-02,5450.71
bitcoin,2019-05-03,5731.49
bitcoin,2019-05-04,5803.94
bitcoin,2019-05-05,5749.32
bitcoin,2019-05-06,5715.76
bitcoin,2019-05-07,5841.05
bitcoin,2019-05-08,5957.86
bitcoin,2019-05-09,6168.27
bitcoin,2019-05-10,6370.23
bitcoin,2019-05-11,7258.26
bitcoin,2019-05-12,6953.75
bitcoin,2019-05-13,7805.98
bitcoin,2019-05-14,7990.06
bitcoin,2019-05-15,8192.22
bitcoin,2019-05-16,7875.91
bitcoin,2019-05-17,7343.37
bitcoin,2019-05-18,7300.66
bitcoin,2019-05-19,8168.73
bitcoin,2019-05-20,7976.85
bitcoin,2019-05-21,7958.37
bitcoin,2019-05-22,7665.8
bitcoin,2019-05-23,7861.81
bitcoin,2019-05-24,7977.24
bitcoin,2019-05-25,8037.63
bitcoin,2019-05-26,8631.08
bitcoin,2019-05-27,8816.03
bitcoin,2019-05-28,8726.98
bitcoin,2019-05-29,8650.68
bitcoin,2019-05-30,8310.89
bitcoin,2019-05-31,8575.65
bitcoin,2019-06-01,8554.26
bitcoin,2019-06-02,8743.71
bitcoin,2019-06-03,8173.63
bitcoin,2019-06-04,7683.64
bitcoin,2019-06-05,7812.45
bitcoin,2019-06-06,7821.12
bitcoin,2019-06-07,8036.11
bitcoin,2019-06-08,7942.54
bitcoin,2019-06-09,7668.03
bitcoin,2019-06-10,8002.73
bitcoin,2019-06-11,7897.98
bitcoin,2019-06-12,8145.06
bitcoin,2019-06-13,8227.63
bitcoin,2019-06-14,8671.51
bitcoin,2019-06-15,8818.61
bitcoin,2019-06-16,8978.77
bitcoin,2019-06-17,9312.87
bitcoin,2019-06-18,9094.02
bitcoin,2019-06-19,9285.93
bitcoin,2019-06-20,9548.31
bitcoin,2019-06-21,10118.36
bitcoin,2019-06-22,10704.92
bitcoin,2019-06-23,10846.13
bitcoin,2019-06-24,11045.55
bitcoin,2019-06-25,11808.42
bitcoin,2019-06-26,12996.12
bitcoin,2019-06-27,11178.68
bitcoin,2019-06-28,12352.2
bitcoin,2019-06-29,11972.56
bitcoin,2019-06-30,10888.1
bitcoin,2019-07-01,10639.05
bitcoin,2019-07-02,10822.76
bitcoin,2019-07-03,11975.64
bitcoin,2019-07-04,11229.61
bitcoin,2019-07-05,10987.25
bitcoin,2019-07-06,11279.48
bitcoin,2019-07-07,11436.43
bitcoin,2019-07-08,12260.28
bitcoin,2019-07-09,12544.17
bitcoin,2019-07-10,12166.4
bitcoin,2019-07-11,11385.06
bitcoin,2019-07-12,11804.56
bitcoin,2019-07-13,11418.51
bitcoin,2019-07-14,10285.46
bitcoin,2019-07-15,10911.35
bitcoin,2019-07-16,9538.83
bitcoin,2019-07-17,9657.3
bitcoin,2019-07-18,10636.16
bitcoin,2019-07-19,10536.57
bitcoin,2019-07-20,10774.28
bitcoin,2019-07-21,10607.46
bitcoin,2019-07-22,10343.32
bitcoin,2019-07-23,9936.38
bitcoin,2019-07-24,9799.31
bitcoin,2019-07-25,9878.23
bitcoin,2019-07-26,9846.0
bitcoin,2019-07-27,9447.68
bitcoin,2019-07-28,9534.76
bitcoin,2019-07-29,9510.59
bitcoin,2019-07-30,9568.44
bitcoin,2019-07-31,10063.0
bitcoin,2019-08-01,10361.31
bitcoin,2019-08-02,10529.17
bitcoin,2019-08-03,10791.2
bitcoin,2019-08-04,10951.59
bitcoin,2019-08-05,11818.53
bitcoin,2019-08-06,11510.16
bitcoin,2019-08-07,11970.66
bitcoin,2019-08-08,12024.33
bitcoin,2019-08-09,11852.56
bitcoin,2019-08-10,11327.84
bitcoin,2019-08-11,11550.0
bitcoin,2019-08-12,11381.24
bitcoin,2019-08-13,10903.65
bitcoin,2019-08-14,10016.22
bitcoin,2019-08-15,10295.88
bitcoin,2019-08-16,10324.99
bitcoin,2019-08-17,10224.22
bitcoin,2019-08-18,10309.87
bitcoin,2019-08-19,10895.97
bitcoin,2019-08-20,10743.79
bitcoin,2019-08-21,10124.06
bitcoin,2019-08-22,10127.79
bitcoin,2019-08-23,10385.51
bitcoin,2019-08-24,10145.01
bitcoin,2019-08-25,10090.06
bitcoin,2019-08-26,10334.91
bitcoin,2019-08-27,10167.89
bitcoin,2019-08-28,9753.49
bitcoin,2019-08-29,9485.14
bitcoin,2019-08-30,9588.99
bitcoin,2019-08-31,9607.29
bitcoin,2019-09-01,9729.27
bitcoin,2019-09-02,10323.02
bitcoin,2019-09-03,10620.17
bitcoin,2019-09-04,10573.52
bitcoin,2019-09-05,10570.25
bitcoin,2019-09-06,10350.75
bitcoin,2019-09-07,10461.55
bitcoin,2019-09-08,10404.33
bitcoin,2019-09-09,10321.93
bitcoin,2019-09-10,10121.1
bitcoin,2019-09-11,10150.71
bitcoin,2019-09-12,10401.32
bitcoin,2019-09-13,10355.63
bitcoin,2019-09-14,10349.55
bitcoin,2019-09-15,10305.68
bitcoin,2019-09-16,10268.42
bitcoin,2019-09-17,10203.07
bitcoin,2019-09-18,10158.85
bitcoin,2019-09-19,10253.23
bitcoin,2019-09-20,10178.44
bitcoin,2019-09-21,9997.2
bitcoin,2019-09-22,10041.3
bitcoin,2019-09-23,9699.5
bitcoin,2019-09-24,8702.71
bitcoin,2019-09-25,8446.24
bitcoin,2019-09-26,8098.81
bitcoin,2019-09-27,8183.48
bitcoin,2019-09-28,8225.11
bitcoin,2019-09-29,8064.38
bitcoin,2019-09-30,8271.29
bitcoin,2019-10-01,8366.5
bitcoin,2019-10-02,8350.13
bitcoin,2019-10-03,8176.35
bitcoin,2019-10-04,8156.52
bitcoin,2019-10-05,8140.24
bitcoin,2019-10-06,7890.23
bitcoin,2019-10-07,8182.25
bitcoin,2019-10-08,8180.69
bitcoin,2019-10-09,8573.06
bitcoin,2019-10-10,8561.52
bitcoin,2019-10-11,8277.85
bitcoin,2019-10-12,8308.47
bitcoin,2019-10-13,8289.5
bitcoin,2019-10-14,8347.35
bitcoin,2019-10-15,8175.86
bitcoin,2019-10-16,8010.3
bitcoin,2019-10-17,8079.93
bitcoin,2019-10-18,7957.31
bitcoin,2019-10-19,7949.8
bitcoin,2019-10-20,8208.36
bitcoin,2019-10-21,8220.92
bitcoin,2019-10-22,8045.29
bitcoin,2019-10-23,7468.53
bitcoin,2019-10-24,7433.92
bitcoin,2019-10-25,8652.03
bitcoin,2019-10-26,9217.24
bitcoin,2019-10-27,9502.02
bitcoin,2019-10-28,9239.9
bitcoin,2019-10-29,9407.16
bitcoin,2019-10-30,9171.87
bitcoin,2019-10-31,9151.82
bitcoin,2019-11-01,9233.41
bitcoin,2019-11-02,9302.83
bitcoin,2019-11-03,9204.29
bitcoin,2019-11-04,9378.95
bitcoin,2019-11-05,9300.37
bitcoin,2019-11-06,9340.05
bitcoin,2019-11-07,9221.07
bitcoin,2019-11-08,8795.9
bitcoin,2019-11-09,8809.78
bitcoin,2019-11-10,9043.67
bitcoin,2019-11-11,8729.92
bitcoin,2019-11-12,8806.75
bitcoin,2019-11-13,8770.78
bitcoin,2019-11-14,8652.03
bitcoin,2019-11-15,8480.44
bitcoin,2019-11-16,8496.38
bitcoin,2019-11-17,8508.5
bitcoin,2019-11-18,8202.83
bitcoin,2019-11-19,8138.83
bitcoin,2019-11-20,8095.87
bitcoin,2019-11-21,7632.49
bitcoin,2019-11-22,7293.01
bitcoin,2019-11-23,7309.69
bitcoin,2019-11-24,6935.74
bitcoin,2019-11-25,7118.26
bitcoin,2019-11-26,7157.68
bitcoin,2019-11-27,7483.75
bitcoin,2019-11-28,7438.62
bitcoin,2019-11-29,7720.87
bitcoin,2019-11-30,7556.4
bitcoin,2019-12-01,7405.81
bitcoin,2019-12-02,7308.98
bitcoin,2019-12-03,7286.08
bitcoin,2019-12-04,7209.97
bitcoin,2019-12-05,7373.78
bitcoin,2019-12-06,7530.92
bitcoin,2019-12-07,7493.55
bitcoin,2019-12-08,7508.32
bitcoin,2019-12-09,7347.04
bitcoin,2019-12-10,7233.95
bitcoin,2019-12-11,7197.43
bitcoin,2019-12-12,7200.71
bitcoin,2019-12-13,7247.35
bitcoin,2019-12-14,7081.74
bitcoin,2019-12-15,7108.56
bitcoin,2019-12-16,6901.04
bitcoin,2019-12-17,6627.16
bitcoin,2019-12-18,7274.77
bitcoin,2019-12-19,7152.56
bitcoin,2019-12-20,7185.44
bitcoin,2019-12-21,7141.55
bitcoin,2019-12-22,7488.2
bitcoin,2019-12-23,7335.21
bitcoin,2019-12-24,7266.61
bitcoin,2019-12-25,7204.18
bitcoin,2019-12-26,7208.49
bitcoin,2019-12-27,7247.62
bitcoin,2019-12-28,7307.89
bitcoin,2019-12-29,7394.03
bitcoin,2019-12-30,7240.43
bitcoin,2019-12-31,7195.15
bitcoin,2020-01-01,7193.75
bitcoin,2020-01-02,6963.85
bitcoin,2020-01-03,7300.35
bitcoin,2020-01-04,7351.38
bitcoin,2020-01-05,7349.97
bitcoin,2020-01-06,7734.68
bitcoin,2020-01-07,8147.42
bitcoin,2020-01-08,8045.79
bitcoin,2020-01-09,7832.8
bitcoin,2020-01-10,8180.51
bitcoin,2020-01-11,8012.09
bitcoin,2020-01-12,8171.4
bitcoin,2020-01-13,8110.65
bitcoin,2020-01-14,8801.87
bitcoin,2020-01-15,8820.85
bitcoin,2020-01-16,8720.92
bitcoin,2020-01-17,8902.57
bitcoin,2020-01-18,8906.9
bitcoin,2020-01-19,8690.38
bitcoin,2020-01-20,8631.25
bitcoin,2020-01-21,8724.82
bitcoin,2020-01-22,8665.44
bitcoin,2020-01-23,8415.96
bitcoin,2020-01-24,8432.1
bitcoin,2020-01-25,8348.67
bitcoin,2020-01-26,8595.73
bitcoin,2020-01-27,8879.34
bitcoin,2020-01-28,9320.81
bitcoin,2020-01-29,9276.89
bitcoin,2020-01-30,9509.81
bitcoin,2020-01-31,9308.06
bitcoin,2020-02-01,9363.22
bitcoin,2020-02-02,9338.42
bitcoin,2020-02-03,9308.91
bitcoin,2020-02-04,9179.96
bitcoin,2020-02-05,9592.18
bitcoin,2020-02-06,9744.64
bitcoin,2020-02-07,9799.45
bitcoin,2020-02-08,9890.7
bitcoin,2020-02-09,10148.38
bitcoin,2020-02-10,9890.12
bitcoin,2020-02-11,10226.93
bitcoin,2020-02-12,10328.9
bitcoin,2020-02-13,10221.26
bitcoin,2020-02-14,10320.16
bitcoin,2020-02-15,9894.14
bitcoin,2020-02-16,9943.67
bitcoin,2020-02-17,9723.61
bitcoin,2020-02-18,10133.82
bitcoin,2020-02-19,9618.41
bitcoin,2020-02-20,9608.17
bitcoin,2020-02-21,9673.01
bitcoin,2020-02-22,9658.61
bitcoin,2020-02-23,9946.72
bitcoin,2020-02-24,9670.96
bitcoin,2020-02-25,9345.34
bitcoin,2020-02-26,8801.66
bitcoin,2020-02-27,8781.18
bitcoin,2020-02-28,8717.33
bitcoin,2020-02-29,8552.99
bitcoin,2020-03-01,8567.8
bitcoin,2020-03-02,8905.88
bitcoin,2020-03-03,8756.72
bitcoin,2020-03-04,8758.65
bitcoin,2020-03-05,9038.87
bitcoin,2020-03-06,9135.85
bitcoin,2020-03-07,8902.2
bitcoin,2020-03-08,8041.37
bitcoin,2020-03-09,7921.33
bitcoin,2020-03-10,7906.73
bitcoin,2020-03-11,7935.52
bitcoin,2020-03-12,5142.99
bitcoin,2020-03-13,5542.82
bitcoin,2020-03-14,5214.19
bitcoin,2020-03-15,5397.93
bitcoin,2020-03-16,5032.5
bitcoin,2020-03-17,5389.42
bitcoin,2020-03-18,5376.28
bitcoin,2020-03-19,6170.2
bitcoin,2020-03-20,6195.6
bitcoin,2020-03-21,6145.77
bitcoin,2020-03-22,5859.65
bitcoin,2020-03-23,6456.35
bitcoin,2020-03-24,6730.17
bitcoin,2020-03-25,6695.9
bitcoin,2020-03-26,6765.56
bitcoin,2020-03-27,6397.83
bitcoin,2020-03-28,6255.0
bitcoin,2020-03-29,5915.34
bitcoin,2020-03-30,6403.14
bitcoin,2020-03-31,6421.71
bitcoin,2020-04-01,6640.8
bitcoin,2020-04-02,6807.9
bitcoin,2020-04-03,6732.85
bitcoin,2020-04-04,6859.42
bitcoin,2020-04-05,6788.05
bitcoin,2020-04-06,7297.64
bitcoin,2020-04-07,7196.78
bitcoin,2020-04-08,7342.29
bitcoin,2020-04-09,7294.49
bitcoin,2020-04-10,6864.69
bitcoin,2020-04-11,6878.78
bitcoin,2020-04-12,6913.16
bitcoin,2020-04-13,6857.54
bitcoin,2020-04-14,6860.18
bitcoin,2020-04-15,6629.43
bitcoin,2020-04-16,7059.93
bitcoin,2020-04-17,7035.26
bitcoin,2020-04-18,7242.51
bitcoin,2020-04-19,7127.51
bitcoin,2020-04-20,6856.46
bitcoin,2020-04-21,6842.04
bitcoin,2020-04-22,7110.0
bitcoin,2020-04-23,7382.79
bitcoin,2020-04-24,7495.39
bitcoin,2020-04-25,7538.56
bitcoin,2020-04-26,7683.87
bitcoin,2020-04-27,7774.28
bitcoin,2020-04-28,7758.23
bitcoin,2020-04-29,8744.43
bitcoin,2020-04-30,8610.64
bitcoin,2020-05-01,8824.82
bitcoin,2020-05-02,8966.31
bitcoin,2020-05-03,8888.67
bitcoin,2020-05-04,8884.41
bitcoin,2020-05-05,9003.24
bitcoin,2020-05-06,9144.69
bitcoin,2020-05-07,9959.17
bitcoin,2020-05-08,9821.81
bitcoin,2020-05-09,9566.78
bitcoin,2020-05-10,8752.62
bitcoin,2020-05-11,8604.75
bitcoin,2020-05-12,8788.47
bitcoin,2020-05-13,9283.09
bitcoin,2020-05-14,9796.49
bitcoin,2020-05-15,9309.3
bitcoin,2020-05-16,9375.3
bitcoin,2020-05-17,9666.33
bitcoin,2020-05-18,9708.44
bitcoin,2020-05-19,9760.2
bitcoin,2020-05-20,9526.51
bitcoin,2020-05-21,9059.96
bitcoin,2020-05-22,9131.77
bitcoin,2020-05-23,9170.36
bitcoin,2020-05-24,8731.85
bitcoin,2020-05-25,8883.69
bitcoin,2020-05-26,8839.13
bitcoin,2020-05-27,9174.12
bitcoin,2020-05-28,9546.05
bitcoin,2020-05-29,9427.12
bitcoin,2020-05-30,9662.71
bitcoin,2020-05-31,9466.96
bitcoin,2020-06-01,10167.93
bitcoin,2020-06-02,9515.24
bitcoin,2020-06-03,9645.23
bitcoin,2020-06-04,9776.2
bitcoin,2020-06-05,9636.97
bitcoin,2020-06-06,9662.86
bitcoin,2020-06-07,9738.6
bitcoin,2020-06-08,9773.03
bitcoin,2020-06-09,9767.01
bitcoin,2020-06-10,9874.9
bitcoin,2020-06-11,9326.0
bitcoin,2020-06-12,9469.53
bitcoin,2020-06-13,9469.47
bitcoin,2020-06-14,9345.96
bitcoin,2020-06-15,9431.72
bitcoin,2020-06-16,9524.93
bitcoin,2020-06-17,9463.36
bitcoin,2020-06-18,9399.77
bitcoin,2020-06-19,9312.78
bitcoin,2020-06-20,9360.25
bitcoin,2020-06-21,9298.36
bitcoin,2020-06-22,9678.68
bitcoin,2020-06-23,9624.68
bitcoin,2020-06-24,9288.06
bitcoin,2020-06-25,9258.67
bitcoin,2020-06-26,9166.49
bitcoin,2020-06-27,9013.91
bitcoin,2020-06-28,9139.9
bitcoin,2020-06-29,9185.17
bitcoin,2020-06-30,9149.72
bitcoin,2020-07-01,9230.67
bitcoin,2020-07-02,9094.32
bitcoin,2020-07-03,9071.39
bitcoin,2020-07-04,9132.91
bitcoin,2020-07-05,9087.41
bitcoin,2020-07-06,9342.38
bitcoin,2020-07-07,9253.63
bitcoin,2020-07-08,9432.17
bitcoin,2020-07-09,9235.72
bitcoin,2020-07-10,9282.91
bitcoin,2020-07-11,9234.31
bitcoin,2020-07-12,9297.48
bitcoin,2020-07-13,9240.76
bitcoin,2020-07-14,9247.06
bitcoin,2020-07-15,9203.37
bitcoin,2020-07-16,9136.48
bitcoin,2020-07-17,9156.28
bitcoin,2020-07-18,9168.4
bitcoin,2020-07-19,9202.62
bitcoin,2020-07-20,9163.16
bitcoin,2020-07-21,9384.38
bitcoin,2020-07-22,9514.3
bitcoin,2020-07-23,9589.82
bitcoin,2020-07-24,9535.94
bitcoin,2020-07-25,9691.83
bitcoin,2020-07-26,9925.75
bitcoin,2020-07-27,10962.26
bitcoin,2020-07-28,10904.92
bitcoin,2020-07-29,11093.61
bitcoin,2020-07-30,11116.31
bitcoin,2020-07-31,11325.55
bitcoin,2020-08-01,11812.09
bitcoin,2020-08-02,11066.31
bitcoin,2020-08-03,11230.91
bitcoin,2020-08-04,11181.92
bitcoin,2020-08-05,11719.26
bitcoin,2020-08-06,11768.13
bitcoin,2020-08-07,11571.49
bitcoin,2020-08-08,11739.13
bitcoin,2020-08-09,11682.85
bitcoin,2020-08-10,11862.94
bitcoin,2020-08-11,11398.67
bitcoin,2020-08-12,11579.87
bitcoin,2020-08-13,11817.16
bitcoin,2020-08-14,11777.39
bitcoin,2020-08-15,11864.91
bitcoin,2020-08-16,11901.78
bitcoin,2020-08-17,12272.47
bitcoin,2020-08-18,11949.61
bitcoin,2020-08-19,11733.28
bitcoin,2020-08-20,11861.84
bitcoin,2020-08-21,11515.12
bitcoin,2020-08-22,11676.39
bitcoin,2020-08-23,11647.93
bitcoin,2020-08-24,11758.83
bitcoin,2020-08-25,11350.75
bitcoin,2020-08-26,11465.0
bitcoin,2020-08-27,11300.4
bitcoin,2020-08-28,11519.12
bitcoin,2020-08-29,11481.48
bitcoin,2020-08-30,11701.0
bitcoin,2020-08-31,11672.32
bitcoin,2020-09-01,11895.23
bitcoin,2020-09-02,11418.25
bitcoin,2020-09-03,10197.46
bitcoin,2020-09-04,10484.47
bitcoin,2020-09-05,10177.79
bitcoin,2020-09-06,10260.02
bitcoin,2020-09-07,10359.45
bitcoin,2020-09-08,10125.01
bitcoin,2020-09-09,10230.15
bitcoin,2020-09-10,10342.16
bitcoin,2020-09-11,10378.22
bitcoin,2020-09-12,10439.38
bitcoin,2020-09-13,10328.87
bitcoin,2020-09-14,10661.1
bitcoin,2020-09-15,10787.58
bitcoin,2020-09-16,10952.25
bitcoin,2020-09-17,10938.0
bitcoin,2020-09-18,10927.15
bitcoin,2020-09-19,11084.0
bitcoin,2020-09-20,10923.33
bitcoin,2020-09-21,10439.52
bitcoin,2020-09-22,10527.59
bitcoin,2020-09-23,10223.78
bitcoin,2020-09-24,10726.53
bitcoin,2020-09-25,10681.99
bitcoin,2020-09-26,10743.19
bitcoin,2020-09-27,10765.3
bitcoin,2020-09-28,10672.03
bitcoin,2020-09-29,10837.52
bitcoin,2020-09-30,10770.88
bitcoin,2020-10-01,10627.98
bitcoin,2020-10-02,10572.67
bitcoin,2020-10-03,10546.66
bitcoin,2020-10-04,10670.7
bitcoin,2020-10-05,10784.95
bitcoin,2020-10-06,10605.96
bitcoin,2020-10-07,10668.01
bitcoin,2020-10-08,10888.67
bitcoin,2020-10-09,11063.25
bitcoin,2020-10-10,11286.54
bitcoin,2020-10-11,11377.81
bitcoin,2020-10-12,11543.18
bitcoin,2020-10-13,11426.11
bitcoin,2020-10-14,11435.57
bitcoin,2020-10-15,11495.58
bitcoin,2020-10-16,11319.1
bitcoin,2020-10-17,11365.81
bitcoin,2020-10-18,11495.9
bitcoin,2020-10-19,11752.15
bitcoin,2020-10-20,11908.71
bitcoin,2020-10-21,12806.44
bitcoin,2020-10-22,12951.04
bitcoin,2020-10-23,12928.07
bitcoin,2020-10-24,13106.05
bitcoin,2020-10-25,13021.41
bitcoin,2020-10-26,13060.79
bitcoin,2020-10-27,13655.19
bitcoin,2020-10-28,13283.0
bitcoin,2020-10-29,13441.88
bitcoin,2020-10-30,13537.17
bitcoin,2020-10-31,13778.64
bitcoin,2020-11-01,13720.36
bitcoin,2020-11-02,13558.36
bitcoin,2020-11-03,13989.98
bitcoin,2020-11-04,14101.72
bitcoin,2020-11-05,15553.33
bitcoin,2020-11-06,15548.31
bitcoin,2020-11-07,14818.46
bitcoin,2020-11-08,15496.32
bitcoin,2020-11-09,15335.34
bitcoin,2020-11-10,15278.71
bitcoin,2020-11-11,15686.91
bitcoin,2020-11-12,16265.15
bitcoin,2020-11-13,16326.81
bitcoin,2020-11-14,16095.56
bitcoin,2020-11-15,15984.67
bitcoin,2020-11-16,16714.4
bitcoin,2020-11-17,17651.82
bitcoin,2020-11-18,17829.93
bitcoin,2020-11-19,17819.76
bitcoin,2020-11-20,18628.81
bitcoin,2020-11-21,18689.53
bitcoin,2020-11-22,18390.61
bitcoin,2020-11-23,18360.69
bitcoin,2020-11-24,19091.52
bitcoin,2020-11-25,18753.29
bitcoin,2020-11-26,17138.03
bitcoin,2020-11-27,17140.28
bitcoin,2020-11-28,17718.97
bitcoin,2020-11-29,18169.95
bitcoin,2020-11-30,19609.52
bitcoin,2020-12-01,18857.42
bitcoin,2020-12-02,19208.4
bitcoin,2020-12-03,19435.2
bitcoin,2020-12-04,18711.23
bitcoin,2020-12-05,19139.11
bitcoin,2020-12-06,19325.55
bitcoin,2020-12-07,19198.81
bitcoin,2020-12-08,18336.51
bitcoin,2020-12-09,18564.99
bitcoin,2020-12-10,18262.06
bitcoin,2020-12-11,18058.03
bitcoin,2020-12-12,18807.1
bitcoin,2020-12-13,19151.13
bitcoin,2020-12-14,19259.97
bitcoin,2020-12-15,19432.36
bitcoin,2020-12-16,21317.66
bitcoin,2020-12-17,22805.66
bitcoin,2020-12-18,23120.57
bitcoin,2020-12-19,23863.85
bitcoin,2020-12-20,23518.32
bitcoin,2020-12-21,22840.99
bitcoin,2020-12-22,23794.79
bitcoin,2020-12-23,23308.13
bitcoin,2020-12-24,23760.29
bitcoin,2020-12-25,24671.11
bitcoin,2020-12-26,26476.13
bitcoin,2020-12-27,26423.23
bitcoin,2020-12-28,27125.38
bitcoin,2020-12-29,27424.54
bitcoin,2020-12-30,28837.29
bitcoin,2020-12-31,29022.42
bitcoin,2021-01-01,29352.13
bitcoin,2021-01-02,32163.82
bitcoin,2021-01-03,33008.23
bitcoin,2021-01-04,31515.58
bitcoin,2021-01-05,34082.21
bitcoin,2021-01-06,36933.52
bitcoin,2021-01-07,39547.08
bitcoin,2021-01-08,40815.96
bitcoin,2021-01-09,40296.53
bitcoin,2021-01-10,38397.9
bitcoin,2021-01-11,35669.91
bitcoin,2021-01-12,33938.34
bitcoin,2021-01-13,37456.01
bitcoin,2021-01-14,39232.75
bitcoin,2021-01-15,36787.52
bitcoin,2021-01-16,36254.71
bitcoin,2021-01-17,35804.26
bitcoin,2021-01-18,36595.46
bitcoin,2021-01-19,36104.86
bitcoin,2021-01-20,35587.49
bitcoin,2021-01-21,30913.7
bitcoin,2021-01-22,32957.91
bitcoin,2021-01-23,32068.09
bitcoin,2021-01-24,32273.52
bitcoin,2021-01-25,32375.32
bitcoin,2021-01-26,32582.11
bitcoin,2021-01-27,30445.53
bitcoin,2021-01-28,33128.35
bitcoin,2021-01-29,34150.82
bitcoin,2021-01-30,34199.52
bitcoin,2021-01-31,33064.79
bitcoin,2021-02-01,33405.99
bitcoin,2021-02-02,35485.99
bitcoin,2021-02-03,37494.72
bitcoin,2021-02-04,36816.51
bitcoin,2021-02-05,38007.83
bitcoin,2021-02-06,39279.41
bitcoin,2021-02-07,38833.34
bitcoin,2021-02-08,46307.57
bitcoin,2021-02-09,46569.56
bitcoin,2021-02-10,44848.69
bitcoin,2021-02-11,47815.96
bitcoin,2021-02-12,47414.19
bitcoin,2021-02-13,46941.29
bitcoin,2021-02-14,48607.87
bitcoin,2021-02-15,47898.49
bitcoin,2021-02-16,49238.14
bitcoin,2021-02-17,52143.68
bitcoin,2021-02-18,51733.08
bitcoin,2021-02-19,56038.73
bitcoin,2021-02-20,56377.63
bitcoin,2021-02-21,57669.3
bitcoin,2021-02-22,54410.86
bitcoin,2021-02-23,48691.89
bitcoin,2021-02-24,49849.38
bitcoin,2021-02-25,46992.67
bitcoin,2021-02-26,46551.49
bitcoin,2021-02-27,46653.53
bitcoin,2021-02-28,44970.16
bitcoin,2021-03-01,49787.34
bitcoin,2021-03-02,48532.24
bitcoin,2021-03-03,50577.46
bitcoin,2021-03-04,48727.45
bitcoin,2021-03-05,49091.81
bitcoin,2021-03-06,49019.37
bitcoin,2021-03-07,51313.09
bitcoin,2021-03-08,52328.54
bitcoin,2021-03-09,54700.27
bitcoin,2021-03-10,56020.49
bitcoin,2021-03-11,57788.87
bitcoin,2021-03-12,57353.86
bitcoin,2021-03-13,61315.2
bitcoin,2021-03-14,59428.97
bitcoin,2021-03-15,55805.33
bitcoin,2021-03-16,56830.25
bitcoin,2021-03-17,59014.93
bitcoin,2021-03-18,57922.41
bitcoin,2021-03-19,58243.27
bitcoin,2021-03-20,58376.16
bitcoin,2021-03-21,57573.54
bitcoin,2021-03-22,54370.14
bitcoin,2021-03-23,54584.87
bitcoin,2021-03-24,52526.87
bitcoin,2021-03-25,51416.91
bitcoin,2021-03-26,55033.1
bitcoin,2021-03-27,55832.42
bitcoin,2021-03-28,55728.1
bitcoin,2021-03-29,57634.93
bitcoin,2021-03-30,58668.63
bitcoin,2021-03-31,58817.37
bitcoin,2021-04-01,58801.19
bitcoin,2021-04-02,59060.03
bitcoin,2021-04-03,57060.41
bitcoin,2021-04-04,58228.8
bitcoin,2021-04-05,58706.82
bitcoin,2021-04-06,58062.18
bitcoin,2021-04-07,56134.42
bitcoin,2021-04-08,58065.64
bitcoin,2021-04-09,58152.99
bitcoin,2021-04-10,59979.39
bitcoin,2021-04-11,59988.02
bitcoin,2021-04-12,59911.02
bitcoin,2021-04-13,63576.68
bitcoin,2021-04-14,62807.12
bitcoin,2021-04-15,63179.77
bitcoin,2021-04-16,61497.3
bitcoin,2021-04-17,60273.87
bitcoin,2021-04-18,56288.95
bitcoin,2021-04-19,55721.17
bitcoin,2021-04-20,56294.73
bitcoin,2021-04-21,54190.07
bitcoin,2021-04-22,51965.57
bitcoin,2021-04-23,51191.12
bitcoin,2021-04-24,50133.11
bitcoin,2021-04-25,48981.44
bitcoin,2021-04-26,53978.81
bitcoin,2021-04-27,54991.81
bitcoin,2021-04-28,54810.61
bitcoin,2021-04-29,53596.7
bitcoin,2021-04-30,57828.51
bitcoin,2021-05-01,57812.97
bitcoin,2021-05-02,56600.75
bitcoin,2021-05-03,57200.3
bitcoin,2021-05-04,53464.37
bitcoin,2021-05-05,57432.1
bitcoin,2021-05-06,56507.76
bitcoin,2021-05-07,57361.57
bitcoin,2021-05-08,58771.88
bitcoin,2021-05-09,58213.93
bitcoin,2021-05-10,55901.67
bitcoin,2021-05-11,56928.97
bitcoin,2021-05-12,50004.76
bitcoin,2021-05-13,49972.8
bitcoin,2021-05-14,49913.26
bitcoin,2021-05-15,46780.9
bitcoin,2021-05-16,46585.06
bitcoin,2021-05-17,43780.83
bitcoin,2021-05-18,43091.04
bitcoin,2021-05-19,37287.39
bitcoin,2021-05-20,40437.73
bitcoin,2021-05-21,37339.63
bitcoin,2021-05-22,37520.32
bitcoin,2021-05-23,34977.53
bitcoin,2021-05-24,38642.44
bitcoin,2021-05-25,38210.81
bitcoin,2021-05-26,39406.93
bitcoin,2021-05-27,38642.9
bitcoin,2021-05-28,35710.22
bitcoin,2021-05-29,34775.08
bitcoin,2021-05-30,35714.75
bitcoin,2021-05-31,37340.68
bitcoin,2021-06-01,36680.07
bitcoin,2021-06-02,37685.72
bitcoin,2021-06-03,39151.32
bitcoin,2021-06-04,36938.72
bitcoin,2021-06-05,35546.99
bitcoin,2021-06-06,35834.47
bitcoin,2021-06-07,33451.38
bitcoin,2021-06-08,33557.15
bitcoin,2021-06-09,37553.64
bitcoin,2021-06-10,36903.3
bitcoin,2021-06-11,37289.43
bitcoin,2021-06-12,35666.15
bitcoin,2021-06-13,39147.71
bitcoin,2021-06-14,40624.51
bitcoin,2021-06-15,40378.2
bitcoin,2021-06-16,38321.45
bitcoin,2021-06-17,38193.62
bitcoin,2021-06-18,35881.11
bitcoin,2021-06-19,35581.64
bitcoin,2021-06-20,35787.08
bitcoin,2021-06-21,31711.94
bitcoin,2021-06-22,32507.74
bitcoin,2021-06-23,33702.62
bitcoin,2021-06-24,34675.45
bitcoin,2021-06-25,31943.14
bitcoin,2021-06-26,32023.97
bitcoin,2021-06-27,34607.29
bitcoin,2021-06-28,34556.84
bitcoin,2021-06-29,35968.99
bitcoin,2021-06-30,35171.49
bitcoin,2021-07-01,33677.57
bitcoin,2021-07-02,33950.79
bitcoin,2021-07-03,34729.89
bitcoin,2021-07-04,35394.21
bitcoin,2021-07-05,33928.13
bitcoin,2021-07-06,34149.99
bitcoin,2021-07-07,33932.25
bitcoin,2021-07-08,32933.58
bitcoin,2021-07-09,33971.3
bitcoin,2021-07-10,33704.54
bitcoin,2021-07-11,34299.94
bitcoin,2021-07-12,33262.65
bitcoin,2021-07-13,32676.38
bitcoin,2021-07-14,32878.5
bitcoin,2021-07-15,31726.04
bitcoin,2021-07-16,31399.65
bitcoin,2021-07-17,31588.67
bitcoin,2021-07-18,31919.39
bitcoin,2021-07-19,30928.21
bitcoin,2021-07-20,29971.9
bitcoin,2021-07-21,32383.78
bitcoin,2021-07-22,32409.5
bitcoin,2021-07-23,33455.55
bitcoin,2021-07-24,34213.6
bitcoin,2021-07-25,35456.12
bitcoin,2021-07-26,37281.92
bitcoin,2021-07-27,39076.59
bitcoin,2021-07-28,40031.2
bitcoin,2021-07-29,39977.76
bitcoin,2021-07-30,41936.26
bitcoin,2021-07-31,41754.17
bitcoin,2021-08-01,39914.83
bitcoin,2021-08-02,39278.77
bitcoin,2021-08-03,38368.35
bitcoin,2021-08-04,39751.58
bitcoin,2021-08-05,40825.38
bitcoin,2021-08-06,42802.14
bitcoin,2021-08-07,44647.58
bitcoin,2021-08-08,43753.22
bitcoin,2021-08-09,46311.0
bitcoin,2021-08-10,45639.51
bitcoin,2021-08-11,45652.06
bitcoin,2021-08-12,44495.21
bitcoin,2021-08-13,47717.27
bitcoin,2021-08-14,47088.85
bitcoin,2021-08-15,47025.0
bitcoin,2021-08-16,46031.76
bitcoin,2021-08-17,44534.45
bitcoin,2021-08-18,45015.47
bitcoin,2021-08-19,46745.03
bitcoin,2021-08-20,49195.88
bitcoin,2021-08-21,48933.69
bitcoin,2021-08-22,49250.54
bitcoin,2021-08-23,49518.58
bitcoin,2021-08-24,47940.61
bitcoin,2021-08-25,49002.7
bitcoin,2021-08-26,47229.07
bitcoin,2021-08-27,49083.1
bitcoin,2021-08-28,48936.54
bitcoin,2021-08-29,48907.27
bitcoin,2021-08-30,47124.25
bitcoin,2021-08-31,47335.42
bitcoin,2021-09-01,48823.06
bitcoin,2021-09-02,49338.78
bitcoin,2021-09-03,49934.53
bitcoin,2021-09-04,50013.03
bitcoin,2021-09-05,51696.21
bitcoin,2021-09-06,52739.8
bitcoin,2021-09-07,46995.16
bitcoin,2021-09-08,46085.03
bitcoin,2021-09-09,46518.94
bitcoin,2021-09-10,44802.61
bitcoin,2021-09-11,45196.49
bitcoin,2021-09-12,46195.22
bitcoin,2021-09-13,45139.83
bitcoin,2021-09-14,47135.43
bitcoin,2021-09-15,48186.53
bitcoin,2021-09-16,47879.47
bitcoin,2021-09-17,47228.66
bitcoin,2021-09-18,48266.63
bitcoin,2021-09-19,47371.04
bitcoin,2021-09-20,42932.95
bitcoin,2021-09-21,40386.62
bitcoin,2021-09-22,43587.22
bitcoin,2021-09-23,44980.9
bitcoin,2021-09-24,42752.17
bitcoin,2021-09-25,42856.86
bitcoin,2021-09-26,43336.86
bitcoin,2021-09-27,42247.36
bitcoin,2021-09-28,41010.38
bitcoin,2021-09-29,41587.67
bitcoin,2021-09-30,43859.33
bitcoin,2021-10-01,48181.88
bitcoin,2021-10-02,47777.76
bitcoin,2021-10-03,48282.97
bitcoin,2021-10-04,49260.23
bitcoin,2021-10-05,51668.99
bitcoin,2021-10-06,55415.01
bitcoin,2021-10-07,53894.6
bitcoin,2021-10-08,54010.94
bitcoin,2021-10-09,55125.46
bitcoin,2021-10-10,54711.87
bitcoin,2021-10-11,57572.51
bitcoin,2021-10-12,56335.04
bitcoin,2021-10-13,57487.99
bitcoin,2021-10-14,57452.43
bitcoin,2021-10-15,61809.02
bitcoin,2021-10-16,61165.64
bitcoin,2021-10-17,61583.77
bitcoin,2021-10-18,62017.97
bitcoin,2021-10-19,64517.65
bitcoin,2021-10-20,66237.52
bitcoin,2021-10-21,62541.09
bitcoin,2021-10-22,61029.27
bitcoin,2021-10-23,61572.14
bitcoin,2021-10-24,61173.17
bitcoin,2021-10-25,63228.21
bitcoin,2021-10-26,60604.19
bitcoin,2021-10-27,58641.0
bitcoin,2021-10-28,60767.56
bitcoin,2021-10-29,62283.2
bitcoin,2021-10-30,61837.26
bitcoin,2021-10-31,61471.87
bitcoin,2021-11-01,61121.83
bitcoin,2021-11-02,63247.21
bitcoin,2021-11-03,63130.94
bitcoin,2021-11-04,61601.74
bitcoin,2021-11-05,61247.38
bitcoin,2021-11-06,61661.36
bitcoin,2021-11-07,63153.23
bitcoin,2021-11-08,67617.02
bitcoin,2021-11-09,67145.37
bitcoin,2021-11-10,65061.05
bitcoin,2021-11-11,65005.65
bitcoin,2021-11-12,64432.05
bitcoin,2021-11-13,64660.34
bitcoin,2021-11-14,65648.98
bitcoin,2021-11-15,63933.84
bitcoin,2021-11-16,60448.56
bitcoin,2021-11-17,60603.66
bitcoin,2021-11-18,56987.32
bitcoin,2021-11-19,58459.26
bitcoin,2021-11-20,60082.91
bitcoin,2021-11-21,59139.78
bitcoin,2021-11-22,56386.86
bitcoin,2021-11-23,57748.79
bitcoin,2021-11-24,57198.18
bitcoin,2021-11-25,58897.85
bitcoin,2021-11-26,53827.79
bitcoin,2021-11-27,54533.4
bitcoin,2021-11-28,57237.66
bitcoin,2021-11-29,57848.77
bitcoin,2021-11-30,57011.28
bitcoin,2021-12-01,57169.37
bitcoin,2021-12-02,56508.27
bitcoin,2021-12-03,53785.97
bitcoin,2021-12-04,49161.99
bitcoin,2021-12-05,49268.47
bitcoin,2021-12-06,50461.58
bitcoin,2021-12-07,50647.66
bitcoin,2021-12-08,50530.46
bitcoin,2021-12-09,47885.87
bitcoin,2021-12-10,47303.56
bitcoin,2021-12-11,49242.3
bitcoin,2021-12-12,50051.08
bitcoin,2021-12-13,46696.3
bitcoin,2021-12-14,48410.56
bitcoin,2021-12-15,48936.86
bitcoin,2021-12-16,47694.53
bitcoin,2021-12-17,46328.7
bitcoin,2021-12-18,46970.06
bitcoin,2021-12-19,46807.05
bitcoin,2021-12-20,47117.01
bitcoin,2021-12-21,49145.22
bitcoin,2021-12-22,48755.9
bitcoin,2021-12-23,50900.61
bitcoin,2021-12-24,50888.72
bitcoin,2021-12-25,50663.49
bitcoin,2021-12-26,50852.86
bitcoin,2021-12-27,50774.07
bitcoin,2021-12-28,47725.15
bitcoin,2021-12-29,46506.99
bitcoin,2021-12-30,47191.87
bitcoin,2021-12-31,46319.65
bitcoin,2022-01-01,47816.08
bitcoin,2022-01-02,47387.21
bitcoin,2022-01-03,46531.14
bitcoin,2022-01-04,45938.02
bitcoin,2022-01-05,43647.15
bitcoin,2022-01-06,43216.46
bitcoin,2022-01-07,41527.2
bitcoin,2022-01-08,41756.66
bitcoin,2022-01-09,41862.36
bitcoin,2022-01-10,41869.86
bitcoin,2022-01-11,42777.21
bitcoin,2022-01-12,43981.88
bitcoin,2022-01-13,42608.41
bitcoin,2022-01-14,43120.85
bitcoin,2022-01-15,43226.65
bitcoin,2022-01-16,43119.79
bitcoin,2022-01-17,42298.34
bitcoin,2022-01-18,42395.46
bitcoin,2022-01-19,41749.55
bitcoin,2022-01-20,40707.68
bitcoin,2022-01-21,36508.8
bitcoin,2022-01-22,35180.44
bitcoin,2022-01-23,36306.41
bitcoin,2022-01-24,36774.01
bitcoin,2022-01-25,36988.93
bitcoin,2022-01-26,36870.44
bitcoin,2022-01-27,37276.84
bitcoin,2022-01-28,37852.58
bitcoin,2022-01-29,38232.18
bitcoin,2022-01-30,37983.15
bitcoin,2022-01-31,38555.53
bitcoin,2022-02-01,38835.69
bitcoin,2022-02-02,37000.98
bitcoin,2022-02-03,37101.35
bitcoin,2022-02-04,41673.84
bitcoin,2022-02-05,41493.69
bitcoin,2022-02-06,42475.54
bitcoin,2022-02-07,43910.93
bitcoin,2022-02-08,44184.45
bitcoin,2022-02-09,44383.89
bitcoin,2022-02-10,43628.14
bitcoin,2022-02-11,42445.39
bitcoin,2022-02-12,42254.74
bitcoin,2022-02-13,42247.84
bitcoin,2022-02-14,42634.57
bitcoin,2022-02-15,44574.32
bitcoin,2022-02-16,44063.28
bitcoin,2022-02-17,40562.99
bitcoin,2022-02-18,40073.5
bitcoin,2022-02-19,40192.76
bitcoin,2022-02-20,38514.01
bitcoin,2022-02-21,37059.98
bitcoin,2022-02-22,38337.2
bitcoin,2022-02-23,37372.29
bitcoin,2022-02-24,38363.35
bitcoin,2022-02-25,39316.16
bitcoin,2022-02-26,39090.2
bitcoin,2022-02-27,37803.59
bitcoin,2022-02-28,43225.4
bitcoin,2022-03-01,44459.59
bitcoin,2022-03-02,43980.71
bitcoin,2022-03-03,42491.98
bitcoin,2022-03-04,39200.3
bitcoin,2022-03-05,39463.15
bitcoin,2022-03-06,38442.99
bitcoin,2022-03-07,38076.49
bitcoin,2022-03-08,38732.94
bitcoin,2022-03-09,41986.03
bitcoin,2022-03-10,39468.35
bitcoin,2022-03-11,38775.18
bitcoin,2022-03-12,38903.69
bitcoin,2022-03-13,37852.53
bitcoin,2022-03-14,39669.42
bitcoin,2022-03-15,39331.85
bitcoin,2022-03-16,41165.64
bitcoin,2022-03-17,41001.71
bitcoin,2022-03-18,41837.41
bitcoin,2022-03-19,42201.94
bitcoin,2022-03-20,41283.26
bitcoin,2022-03-21,41061.82
bitcoin,2022-03-22,42401.9
bitcoin,2022-03-23,42802.15
bitcoin,2022-03-24,43936.1
bitcoin,2022-03-25,44331.78
bitcoin,2022-03-26,44510.84
bitcoin,2022-03-27,46715.12
bitcoin,2022-03-28,46994.88
bitcoin,2022-03-29,47459.26
bitcoin,2022-03-30,47063.37
bitcoin,2022-03-31,45528.41
bitcoin,2022-04-01,46270.2
bitcoin,2022-04-02,45842.14
bitcoin,2022-04-03,46434.56
bitcoin,2022-04-04,46622.64
bitcoin,2022-04-05,45635.45
bitcoin,2022-04-06,43198.78
bitcoin,2022-04-07,43515.15
bitcoin,2022-04-08,42315.71
bitcoin,2022-04-09,42796.4
bitcoin,2022-04-10,42274.91
bitcoin,2022-04-11,39603.97
bitcoin,2022-04-12,40205.68
bitcoin,2022-04-13,41205.17
bitcoin,2022-04-14,39959.46
bitcoin,2022-04-15,40586.6
bitcoin,2022-04-16,40450.38
bitcoin,2022-04-17,39739.12
bitcoin,2022-04-18,40833.54
bitcoin,2022-04-19,41498.12
bitcoin,2022-04-20,41397.22
bitcoin,2022-04-21,40528.54
bitcoin,2022-04-22,39756.85
bitcoin,2022-04-23,39561.78
bitcoin,2022-04-24,39469.05
bitcoin,2022-04-25,40488.88
bitcoin,2022-04-26,38134.22
bitcoin,2022-04-27,39237.95
bitcoin,2022-04-28,39741.77
bitcoin,2022-04-29,38650.55
bitcoin,2022-04-30,37820.61
bitcoin,2022-05-01,38537.65
bitcoin,2022-05-02,38561.57
bitcoin,2022-05-03,37758.5
bitcoin,2022-05-04,39699.02
bitcoin,2022-05-05,36612.23
bitcoin,2022-05-06,36116.39
bitcoin,2022-05-07,35573.31
bitcoin,2022-05-08,34070.31
bitcoin,2022-05-09,30269.59
bitcoin,2022-05-10,31026.93
bitcoin,2022-05-11,28913.49
bitcoin,2022-05-12,29126.12
bitcoin,2022-05-13,29310.73
bitcoin,2022-05-14,30189.33
bitcoin,2022-05-15,31319.31
bitcoin,2022-05-16,29923.61
bitcoin,2022-05-17,30502.19
bitcoin,2022-05-18,28772.2
bitcoin,2022-05-19,30382.41
bitcoin,2022-05-20,29256.81
bitcoin,2022-05-21,29491.51
bitcoin,2022-05-22,30351.05
bitcoin,2022-05-23,29163.17
bitcoin,2022-05-24,29655.03
bitcoin,2022-05-25,29584.95
bitcoin,2022-05-26,29346.78
bitcoin,2022-05-27,28646.65
bitcoin,2022-05-28,29088.24
bitcoin,2022-05-29,29492.5
bitcoin,2022-05-30,31740.94
bitcoin,2022-05-31,31865.75
bitcoin,2022-06-01,29833.45
bitcoin,2022-06-02,30481.01
bitcoin,2022-06-03,29714.14
bitcoin,2022-06-04,29872.36
bitcoin,2022-06-05,29917.76
bitcoin,2022-06-06,31372.58
bitcoin,2022-06-07,31265.47
bitcoin,2022-06-08,30229.24
bitcoin,2022-06-09,30101.19
bitcoin,2022-06-10,29101.3
bitcoin,2022-06-11,28374.14
bitcoin,2022-06-12,26767.27
bitcoin,2022-06-13,22525.77
bitcoin,2022-06-14,22244.85
bitcoin,2022-06-15,22529.2
bitcoin,2022-06-16,20408.69
bitcoin,2022-06-17,20473.05
bitcoin,2022-06-18,19047.42
bitcoin,2022-06-19,20516.41
bitcoin,2022-06-20,20636.76
bitcoin,2022-06-21,20700.92
bitcoin,2022-06-22,19983.57
bitcoin,2022-06-23,21100.27
bitcoin,2022-06-24,21262.71
bitcoin,2022-06-25,21525.88
bitcoin,2022-06-26,21052.81
bitcoin,2022-06-27,20751.48
bitcoin,2022-06-28,20282.54
bitcoin,2022-06-29,20108.53
bitcoin,2022-06-30,19608.4
bitcoin,2022-07-01,19407.45
bitcoin,2022-07-02,19268.23
bitcoin,2022-07-03,19310.23
bitcoin,2022-07-04,20257.01
bitcoin,2022-07-05,20188.78
bitcoin,2022-07-06,20566.69
bitcoin,2022-07-07,21660.6
bitcoin,2022-07-08,21858.82
bitcoin,2022-07-09,21589.63
bitcoin,2022-07-10,20859.81
bitcoin,2022-07-11,19998.47
bitcoin,2022-07-12,19350.74
bitcoin,2022-07-13,20225.24
bitcoin,2022-07-14,20574.84
bitcoin,2022-07-15,20794.81
bitcoin,2022-07-16,21193.08
bitcoin,2022-07-17,20824.36
bitcoin,2022-07-18,22395.37
bitcoin,2022-07-19,23366.91
bitcoin,2022-07-20,23313.3
bitcoin,2022-07-21,23155.21
bitcoin,2022-07-22,22696.9
bitcoin,2022-07-23,22506.2
bitcoin,2022-07-24,22613.72
bitcoin,2022-07-25,21330.3
bitcoin,2022-07-26,21235.61
bitcoin,2022-07-27,22908.88
bitcoin,2022-07-28,23822.07
bitcoin,2022-07-29,23847.58
bitcoin,2022-07-30,23653.46
bitcoin,2022-07-31,23379.7
bitcoin,2022-08-01,23333.75
bitcoin,2022-08-02,23053.85
bitcoin,2022-08-03,22860.42
bitcoin,2022-08-04,22678.36
bitcoin,2022-08-05,23225.04
bitcoin,2022-08-06,22984.58
bitcoin,2022-08-07,23197.6
bitcoin,2022-08-08,23823.68
bitcoin,2022-08-09,23203.68
bitcoin,2022-08-10,23948.83
bitcoin,2022-08-11,23948.75
bitcoin,2022-08-12,24411.38
bitcoin,2022-08-13,24433.65
bitcoin,2022-08-14,24312.54
bitcoin,2022-08-15,24179.01
bitcoin,2022-08-16,23913.33
bitcoin,2022-08-17,23359.42
bitcoin,2022-08-18,23248.38
bitcoin,2022-08-19,20945.83
bitcoin,2022-08-20,21175.23
bitcoin,2022-08-21,21615.76
bitcoin,2022-08-22,21387.75
bitcoin,2022-08-23,21562.45
bitcoin,2022-08-24,21395.46
bitcoin,2022-08-25,21618.01
bitcoin,2022-08-26,20271.32
bitcoin,2022-08-27,20069.95
bitcoin,2022-08-28,19659.25
bitcoin,2022-08-29,20308.86
bitcoin,2022-08-30,19805.35
bitcoin,2022-08-31,20023.55
bitcoin,2022-09-01,20153.98
bitcoin,2022-09-02,19941.45
bitcoin,2022-09-03,19814.56
bitcoin,2022-09-04,19980.01
bitcoin,2022-09-05,19785.73
bitcoin,2022-09-06,18859.5
bitcoin,2022-09-07,19280.63
bitcoin,2022-09-08,19322.78
bitcoin,2022-09-09,21359.58
bitcoin,2022-09-10,21707.39
bitcoin,2022-09-11,21739.8
bitcoin,2022-09-12,22339.67
bitcoin,2022-09-13,20184.97
bitcoin,2022-09-14,20255.92
bitcoin,2022-09-15,19702.17
bitcoin,2022-09-16,19764.41
bitcoin,2022-09-17,20131.68
bitcoin,2022-09-18,19437.16
bitcoin,2022-09-19,19570.39
bitcoin,2022-09-20,18869.93
bitcoin,2022-09-21,18539.64
bitcoin,2022-09-22,19464.32
bitcoin,2022-09-23,19291.9
bitcoin,2022-09-24,18939.97
bitcoin,2022-09-25,18809.41
bitcoin,2022-09-26,19219.73
bitcoin,2022-09-27,19116.33
bitcoin,2022-09-28,19444.79
bitcoin,2022-09-29,19563.77
bitcoin,2022-09-30,19476.93
bitcoin,2022-10-01,19314.46
bitcoin,2022-10-02,19065.15
bitcoin,2022-10-03,19620.57
bitcoin,2022-10-04,20345.4
bitcoin,2022-10-05,20161.83
bitcoin,2022-10-06,19949.05
bitcoin,2022-10-07,19457.31
bitcoin,2022-10-08,19418.04
bitcoin,2022-10-09,19448.15
bitcoin,2022-10-10,19142.69
bitcoin,2022-10-11,19058.63
bitcoin,2022-10-12,19153.04
bitcoin,2022-10-13,19383.94
bitcoin,2022-10-14,19198.11
bitcoin,2022-10-15,19072.78
bitcoin,2022-10-16,19272.92
bitcoin,2022-10-17,19557.9
bitcoin,2022-10-18,19348.03
bitcoin,2022-10-19,19134.24
bitcoin,2022-10-20,19031.16
bitcoin,2022-10-21,19173.28
bitcoin,2022-10-22,19203.87
bitcoin,2022-10-23,19574.82
bitcoin,2022-10-24,19316.94
bitcoin,2022-10-25,20095.15
bitcoin,2022-10-26,20774.25
bitcoin,2022-10-27,20278.37
bitcoin,2022-10-28,20591.24
bitcoin,2022-10-29,20800.71
bitcoin,2022-10-30,20623.87
bitcoin,2022-10-31,20494.6
bitcoin,2022-11-01,20489.65
bitcoin,2022-11-02,20162.98
bitcoin,2022-11-03,20210.91
bitcoin,2022-11-04,21150.32
bitcoin,2022-11-05,21282.99
bitcoin,2022-11-06,20907.0
bitcoin,2022-11-07,20597.76
bitcoin,2022-11-08,18562.35
bitcoin,2022-11-09,15742.44
bitcoin,2022-11-10,17594.92
bitcoin,2022-11-11,17080.22
bitcoin,2022-11-12,16797.99
bitcoin,2022-11-13,16344.34
bitcoin,2022-11-14,16645.83
bitcoin,2022-11-15,16890.53
bitcoin,2022-11-16,16689.4
bitcoin,2022-11-17,16718.36
bitcoin,2022-11-18,16707.02
bitcoin,2022-11-19,16712.73
bitcoin,2022-11-20,16304.08
bitcoin,2022-11-21,15814.34
bitcoin,2022-11-22,16171.63
bitcoin,2022-11-23,16608.01
bitcoin,2022-11-24,16596.04
bitcoin,2022-11-25,16524.45
bitcoin,2022-11-26,16456.16
bitcoin,2022-11-27,16459.15
bitcoin,2022-11-28,16222.21
bitcoin,2022-11-29,16441.98
bitcoin,2022-11-30,17186.5
bitcoin,2022-12-01,16972.73
bitcoin,2022-12-02,17084.87
bitcoin,2022-12-03,16923.38
bitcoin,2022-12-04,17149.93
bitcoin,2022-12-05,16973.37
bitcoin,2022-12-06,17085.64
bitcoin,2022-12-07,16851.3
bitcoin,2022-12-08,17235.01
bitcoin,2022-12-09,17149.82
bitcoin,2022-12-10,17125.36
bitcoin,2022-12-11,17101.04
bitcoin,2022-12-12,17179.6
bitcoin,2022-12-13,17784.16
bitcoin,2022-12-14,17808.72
bitcoin,2022-12-15,17338.36
bitcoin,2022-12-16,16623.76
bitcoin,2022-12-17,16806.49
bitcoin,2022-12-18,16742.82
bitcoin,2022-12-19,16422.56
bitcoin,2022-12-20,16899.33
bitcoin,2022-12-21,16816.85
bitcoin,2022-12-22,16824.79
bitcoin,2022-12-23,16791.46
bitcoin,2022-12-24,16848.57
bitcoin,2022-12-25,16842.18
bitcoin,2022-12-26,16900.08
bitcoin,2022-12-27,16701.84
bitcoin,2022-12-28,16538.91
bitcoin,2022-12-29,16644.38
bitcoin,2022-12-30,16604.02
bitcoin,2022-12-31,16540.69
bitcoin,2023-01-01,16615.97
bitcoin,2023-01-02,16674.34
bitcoin,2023-01-03,16677.65
bitcoin,2023-01-04,16855.17
bitcoin,2023-01-05,16832.1
bitcoin,2023-01-06,16960.23
bitcoin,2023-01-07,16950.86
bitcoin,2023-01-08,17074.62
bitcoin,2023-01-09,17194.91
bitcoin,2023-01-10,17436.9
bitcoin,2023-01-11,17996.83
bitcoin,2023-01-12,18866.81
bitcoin,2023-01-13,19941.78
bitcoin,2023-01-14,21019.21
bitcoin,2023-01-15,20853.23
bitcoin,2023-01-16,21175.34
bitcoin,2023-01-17,21156.78
bitcoin,2023-01-18,20726.84
bitcoin,2023-01-19,21081.67
bitcoin,2023-01-20,22705.83
bitcoin,2023-01-21,22771.02
bitcoin,2023-01-22,22736.66
bitcoin,2023-01-23,22984.87
bitcoin,2023-01-24,22610.01
bitcoin,2023-01-25,23180.42
bitcoin,2023-01-26,23024.75
bitcoin,2023-01-27,23082.86
bitcoin,2023-01-28,23022.23
bitcoin,2023-01-29,23797.46
bitcoin,2023-01-30,22840.39
bitcoin,2023-01-31,23137.32
bitcoin,2023-02-01,23725.16
bitcoin,2023-02-02,23539.68
bitcoin,2023-02-03,23451.58
bitcoin,2023-02-04,23340.35
bitcoin,2023-02-05,22946.29
bitcoin,2023-02-06,22786.48
bitcoin,2023-02-07,23294.91
bitcoin,2023-02-08,22947.51
bitcoin,2023-02-09,21820.89
bitcoin,2023-02-10,21630.13
bitcoin,2023-02-11,21889.43
bitcoin,2023-02-12,21779.87
bitcoin,2023-02-13,21807.83
bitcoin,2023-02-14,22220.07
bitcoin,2023-02-15,24307.88
bitcoin,2023-02-16,23756.91
bitcoin,2023-02-17,24628.82
bitcoin,2023-02-18,24642.79
bitcoin,2023-02-19,24284.48
bitcoin,2023-02-20,24786.67
bitcoin,2023-02-21,24417.39
bitcoin,2023-02-22,24146.1
bitcoin,2023-02-23,23951.11
bitcoin,2023-02-24,23172.29
bitcoin,2023-02-25,23157.04
bitcoin,2023-02-26,23541.12
bitcoin,2023-02-27,23518.12
bitcoin,2023-02-28,23155.54
bitcoin,2023-03-01,23634.33
bitcoin,2023-03-02,23464.34
bitcoin,2023-03-03,22367.43
bitcoin,2023-03-04,22348.33
bitcoin,2023-03-05,22421.89
bitcoin,2023-03-06,22415.11
bitcoin,2023-03-07,22217.21
bitcoin,2023-03-08,21712.65
bitcoin,2023-03-09,20376.32
bitcoin,2023-03-10,20195.23
bitcoin,2023-03-11,20521.56
bitcoin,2023-03-12,22095.71
bitcoin,2023-03-13,24178.96
bitcoin,2023-03-14,24758.77
bitcoin,2023-03-15,24470.88
bitcoin,2023-03-16,25161.27
bitcoin,2023-03-17,27466.68
bitcoin,2023-03-18,27107.79
bitcoin,2023-03-19,28186.84
bitcoin,2023-03-20,27929.17
bitcoin,2023-03-21,28264.24
bitcoin,2023-03-22,27449.25
bitcoin,2023-03-23,28459.74
bitcoin,2023-03-24,27595.49
bitcoin,2023-03-25,27670.2
bitcoin,2023-03-26,28048.47
bitcoin,2023-03-27,27182.3
bitcoin,2023-03-28,27291.35
bitcoin,2023-03-29,28395.0
bitcoin,2023-03-30,28041.12
bitcoin,2023-03-31,28516.78
bitcoin,2023-04-01,28498.94
bitcoin,2023-04-02,28236.51
bitcoin,2023-04-03,27815.43
bitcoin,2023-04-04,28175.33
bitcoin,2023-04-05,28197.2
bitcoin,2023-04-06,28042.98
bitcoin,2023-04-07,27934.44
bitcoin,2023-04-08,27968.13
bitcoin,2023-04-09,28351.24
bitcoin,2023-04-10,29657.97
bitcoin,2023-04-11,30260.94
bitcoin,2023-04-12,29904.14
bitcoin,2023-04-13,30405.03
bitcoin,2023-04-14,30468.41
bitcoin,2023-04-15,30312.16
bitcoin,2023-04-16,30304.81
bitcoin,2023-04-17,29467.46
bitcoin,2023-04-18,30365.9
bitcoin,2023-04-19,28833.22
bitcoin,2023-04-20,28255.58
bitcoin,2023-04-21,27300.16
bitcoin,2023-04-22,27861.64
bitcoin,2023-04-23,27606.58
bitcoin,2023-04-24,27511.64
bitcoin,2023-04-25,28351.22
bitcoin,2023-04-26,28352.19
bitcoin,2023-04-27,29483.52
bitcoin,2023-04-28,29339.99
bitcoin,2023-04-29,29217.94
bitcoin,2023-04-30,29362.06
bitcoin,2023-05-01,28125.5
bitcoin,2023-05-02,28654.39
bitcoin,2023-05-03,28988.32
bitcoin,2023-05-04,28846.46
bitcoin,2023-05-05,29520.32
bitcoin,2023-05-06,28887.74
bitcoin,2023-05-07,28611.44
bitcoin,2023-05-08,27696.76
bitcoin,2023-05-09,27607.39
bitcoin,2023-05-10,27639.73
bitcoin,2023-05-11,27024.77
bitcoin,2023-05-12,26787.69
bitcoin,2023-05-13,26798.13
bitcoin,2023-05-14,26911.81
bitcoin,2023-05-15,27227.79
bitcoin,2023-05-16,27022.71
bitcoin,2023-05-17,27389.97
bitcoin,2023-05-18,26842.95
bitcoin,2023-05-19,26884.37
bitcoin,2023-05-20,27093.79
bitcoin,2023-05-21,26773.83
bitcoin,2023-05-22,26869.69
bitcoin,2023-05-23,27222.94
bitcoin,2023-05-24,26338.95
bitcoin,2023-05-25,26475.61
bitcoin,2023-05-26,26717.99
bitcoin,2023-05-27,26848.24
bitcoin,2023-05-28,28110.31
bitcoin,2023-05-29,27759.75
bitcoin,2023-05-30,27713.91
bitcoin,2023-05-31,27245.47
bitcoin,2023-06-01,26824.1
bitcoin,2023-06-02,27247.74
bitcoin,2023-06-03,27066.37
bitcoin,2023-06-04,27315.45
bitcoin,2023-06-05,25792.62
bitcoin,2023-06-06,27216.62
bitcoin,2023-06-07,26346.24
bitcoin,2023-06-08,26507.91
bitcoin,2023-06-09,26469.58
bitcoin,2023-06-10,25858.12
bitcoin,2023-06-11,25916.58
bitcoin,2023-06-12,25910.36
bitcoin,2023-06-13,25872.21
bitcoin,2023-06-14,25107.75
bitcoin,2023-06-15,25564.6
bitcoin,2023-06-16,26327.33
bitcoin,2023-06-17,26501.04
bitcoin,2023-06-18,26333.09
bitcoin,2023-06-19,26779.39
bitcoin,2023-06-20,28330.89
bitcoin,2023-06-21,30101.76
bitcoin,2023-06-22,29935.63
bitcoin,2023-06-23,30629.24
bitcoin,2023-06-24,30537.82
bitcoin,2023-06-25,30454.76
bitcoin,2023-06-26,30285.51
bitcoin,2023-06-27,30693.55
bitcoin,2023-06-28,30083.48
bitcoin,2023-06-29,30466.61
bitcoin,2023-06-30,30480.78
bitcoin,2023-07-01,30583.62
bitcoin,2023-07-02,30571.89
bitcoin,2023-07-03,31134.71
bitcoin,2023-07-04,30775.62
bitcoin,2023-07-05,30484.79
bitcoin,2023-07-06,29990.06
bitcoin,2023-07-07,30315.27
bitcoin,2023-07-08,30264.2
bitcoin,2023-07-09,30169.87
bitcoin,2023-07-10,30394.28
bitcoin,2023-07-11,30620.81
bitcoin,2023-07-12,30407.42
bitcoin,2023-07-13,31446.01
bitcoin,2023-07-14,30311.83
bitcoin,2023-07-15,30297.97
bitcoin,2023-07-16,30237.33
bitcoin,2023-07-17,30147.86
bitcoin,2023-07-18,29848.03
bitcoin,2023-07-19,29919.87
bitcoin,2023-07-20,29787.04
bitcoin,2023-07-21,29914.68
bitcoin,2023-07-22,29710.16
bitcoin,2023-07-23,30057.96
bitcoin,2023-07-24,29184.9
bitcoin,2023-07-25,29222.97
bitcoin,2023-07-26,29363.67
bitcoin,2023-07-27,29200.24
bitcoin,2023-07-28,29314.1
bitcoin,2023-07-29,29356.75
bitcoin,2023-07-30,29277.76
bitcoin,2023-07-31,29233.14
bitcoin,2023-08-01,29537.11
bitcoin,2023-08-02,29146.64
bitcoin,2023-08-03,29176.15
bitcoin,2023-08-04,29087.94
bitcoin,2023-08-05,29046.8
bitcoin,2023-08-06,29044.2
bitcoin,2023-08-07,29178.15
bitcoin,2023-08-08,29779.56
bitcoin,2023-08-09,29585.49
bitcoin,2023-08-10,29423.82
bitcoin,2023-08-11,29396.85
bitcoin,2023-08-12,29412.14
bitcoin,2023-08-13,29284.97
bitcoin,2023-08-14,29400.59
bitcoin,2023-08-15,29170.49
bitcoin,2023-08-16,28754.2
bitcoin,2023-08-17,26501.59
bitcoin,2023-08-18,26042.84
bitcoin,2023-08-19,26104.78
bitcoin,2023-08-20,26160.7
bitcoin,2023-08-21,26034.58
